trade_date,open,high,low,close,volume,dividend,in_sp500
1996-01-02,29.013384747952873,29.013384747952873,29.013384747952873,29.013384747952873,198830.0,0.19884999999999997,1
1996-01-03,29.63427118155907,29.63427118155907,29.63427118155907,29.63427118155907,239310.0,0.0,1
1996-01-04,29.2490256561988,29.2490256561988,29.2490256561988,29.2490256561988,215202.0,0.0,1
1996-01-05,29.81060694879782,29.81060694879782,29.81060694879782,29.81060694879782,162863.0,0.0,1
1996-01-08,29.032550107434197,29.032550107434197,29.032550107434197,29.032550107434197,32553.999999999996,0.0,1
1996-01-09,29.862881040506814,29.862881040506814,29.862881040506814,29.862881040506814,323547.0,0.0,1
1996-01-10,30.173455003328083,30.173455003328083,30.173455003328083,30.173455003328083,311857.0,0.0,1
1996-01-11,29.93206736330146,29.93206736330146,29.93206736330146,29.93206736330146,172003.0,0.0,1
1996-01-12,30.150571455053562,30.150571455053562,30.150571455053562,30.150571455053562,260040.00000000003,0.0,1
1996-01-15,30.759612998445643,30.759612998445643,30.759612998445643,30.759612998445643,297440.0,0.0,1
1996-01-16,30.802676456643468,30.802676456643468,30.802676456643468,30.802676456643468,266049.0,0.0,1
1996-01-17,30.562415580281648,30.562415580281648,30.562415580281648,30.562415580281648,99439.99999999999,0.0,1
1996-01-18,30.74273383220531,30.74273383220531,30.74273383220531,30.74273383220531,284767.0,0.0,1
1996-01-19,30.85340767400125,30.85340767400125,30.85340767400125,30.85340767400125,344590.0,0.0,1
1996-01-22,31.455049123644276,31.455049123644276,31.455049123644276,31.455049123644276,408856.0,0.0,1
1996-01-23,30.612053807130607,30.612053807130607,30.612053807130607,30.612053807130607,135534.0,0.0,1
1996-01-24,30.27532121525217,30.27532121525217,30.27532121525217,30.27532121525217,312008.0,0.0,1
1996-01-25,30.151192398269636,30.151192398269636,30.151192398269636,30.151192398269636,418932.0,0.0,1
1996-01-26,29.744151300892998,29.744151300892998,29.744151300892998,29.744151300892998,246676.0,0.0,1
1996-01-29,29.925590623828445,29.925590623828445,29.925590623828445,29.925590623828445,255040.99999999997,0.0,1
1996-01-30,29.34204160666379,29.34204160666379,29.34204160666379,29.34204160666379,186750.0,0.0,1
1996-01-31,28.602622158175862,28.602622158175862,28.602622158175862,28.602622158175862,356740.99999999994,0.0,1
1996-02-01,29.106028308159758,29.106028308159758,29.106028308159758,29.106028308159758,243342.0,0.0,1
1996-02-02,28.826610436401424,28.826610436401424,28.826610436401424,28.826610436401424,167206.0,0.0,1
1996-02-05,28.852554385794182,28.852554385794182,28.852554385794182,28.852554385794182,121584.0,0.0,1
1996-02-06,29.181473505792237,29.181473505792237,29.181473505792237,29.181473505792237,250700.0,0.0,1
1996-02-07,29.187309800493395,29.187309800493395,29.187309800493395,29.187309800493395,96712.0,0.0,1
1996-02-08,29.493776553398575,29.493776553398575,29.493776553398575,29.493776553398575,98745.0,0.0,1
1996-02-09,29.555713484160712,29.555713484160712,29.555713484160712,29.555713484160712,236439.00000000003,0.0,1
1996-02-12,29.635513910567944,29.635513910567944,29.635513910567944,29.635513910567944,256743.00000000003,0.0,1
1996-02-13,30.373438206941085,30.373438206941085,30.373438206941085,30.373438206941085,667407.0,0.0,1
1996-02-14,30.543529460899958,30.543529460899958,30.543529460899958,30.543529460899958,329885.0,0.0,1
1996-02-15,30.183115813261338,30.183115813261338,30.183115813261338,30.183115813261338,1391142.9999999998,0.0,1
1996-02-16,30.0865298426589,30.0865298426589,30.0865298426589,30.0865298426589,394536.0,0.0,1
1996-02-20,30.23094518590366,30.23094518590366,30.23094518590366,30.23094518590366,347985.0,0.0,1
1996-02-21,30.953464775846758,30.953464775846758,30.953464775846758,30.953464775846758,461040.0,0.0,1
1996-02-22,31.117518139158747,31.117518139158747,31.117518139158747,31.117518139158747,506196.00000000006,0.0,1
1996-02-23,30.49827952818949,30.49827952818949,30.49827952818949,30.49827952818949,378620.00000000006,0.0,1
1996-02-26,31.1112949467061,31.1112949467061,31.1112949467061,31.1112949467061,204390.0,0.0,1
1996-02-27,31.444185802635854,31.444185802635854,31.444185802635854,31.444185802635854,317305.0,0.0,1
1996-02-28,32.079358355849095,32.079358355849095,32.079358355849095,32.079358355849095,384007.0,0.0,1
1996-02-29,32.29429005683328,32.29429005683328,32.29429005683328,32.29429005683328,203350.0,0.0,1
1996-03-01,31.62256882365115,31.62256882365115,31.62256882365115,31.62256882365115,271659.0,0.0,1
1996-03-04,31.129256750002195,31.129256750002195,31.129256750002195,31.129256750002195,435332.0,0.0,1
1996-03-05,30.400832142052145,30.400832142052145,30.400832142052145,30.400832142052145,338835.0,0.0,1
1996-03-06,30.50723505454933,30.50723505454933,30.50723505454933,30.50723505454933,227556.0,0.0,1
1996-03-07,31.227205801836696,31.227205801836696,31.227205801836696,31.227205801836696,352245.0,0.0,1
1996-03-08,31.055456169926597,31.055456169926597,31.055456169926597,31.055456169926597,113160.0,0.0,1
1996-03-11,31.31942754737097,31.31942754737097,31.31942754737097,31.31942754737097,285342.0,0.0,1
1996-03-12,30.57402517174354,30.57402517174354,30.57402517174354,30.57402517174354,189809.99999999997,0.0,1
1996-03-13,30.775813737877044,30.775813737877044,30.775813737877044,30.775813737877044,142311.0,0.0,1
1996-03-14,30.738882761391594,30.738882761391594,30.738882761391594,30.738882761391594,322056.0,0.0,1
1996-03-15,30.90179884002697,30.90179884002697,30.90179884002697,30.90179884002697,580689.0,0.0,1
1996-03-18,30.598961211394705,30.598961211394705,30.598961211394705,30.598961211394705,270294.0,0.0,1
1996-03-19,30.240953365221387,30.240953365221387,30.240953365221387,30.240953365221387,154112.0,0.0,1
1996-03-20,30.56150747089273,30.56150747089273,30.56150747089273,30.56150747089273,219879.0,0.0,1
1996-03-21,29.739402919925716,29.739402919925716,29.739402919925716,29.739402919925716,119595.0,0.0,1
1996-03-22,29.23680701057897,29.23680701057897,29.23680701057897,29.23680701057897,90472.0,0.0,1
1996-03-25,28.628681424758927,28.628681424758927,28.628681424758927,28.628681424758927,172260.0,0.0,1
1996-03-26,28.15344531310793,28.15344531310793,28.15344531310793,28.15344531310793,124699.99999999999,0.0,1
1996-03-27,28.170337380295795,28.170337380295795,28.170337380295795,28.170337380295795,114872.0,0.0,1
1996-03-28,28.285835763555006,28.285835763555006,28.285835763555006,28.285835763555006,102592.00000000001,0.0,1
1996-03-29,28.387664772303804,28.387664772303804,28.387664772303804,28.387664772303804,550735.0,0.0,1
1996-04-01,27.76029738083589,27.76029738083589,27.76029738083589,27.76029738083589,373572.0,0.0,1
1996-04-02,27.577079418122374,27.577079418122374,27.577079418122374,27.577079418122374,161670.0,0.0,1
1996-04-03,27.77839209787467,27.77839209787467,27.77839209787467,27.77839209787467,111780.0,0.0,1
1996-04-04,28.37284968876919,28.37284968876919,28.37284968876919,28.37284968876919,88678.0,0.0,1
1996-04-08,28.65941547062576,28.65941547062576,28.65941547062576,28.65941547062576,218601.0,0.231,1
1996-04-09,28.802712547978885,28.802712547978885,28.802712547978885,28.802712547978885,60760.0,0.0,1
1996-04-10,29.240513778708166,29.240513778708166,29.240513778708166,29.240513778708166,151888.0,0.0,1
1996-04-11,28.702488325179935,28.702488325179935,28.702488325179935,28.702488325179935,516551.00000000006,0.0,1
1996-04-12,27.841413675424537,27.841413675424537,27.841413675424537,27.841413675424537,355422.00000000006,0.0,1
1996-04-15,27.10640035439333,27.10640035439333,27.10640035439333,27.10640035439333,315504.00000000006,0.0,1
1996-04-16,27.003396033046634,27.003396033046634,27.003396033046634,27.003396033046634,523476.00000000006,0.0,1
1996-04-17,26.8683790528814,26.8683790528814,26.8683790528814,26.8683790528814,168259.0,0.0,1
1996-04-18,27.024215651388115,27.024215651388115,27.024215651388115,27.024215651388115,345000.0,0.0,1
1996-04-19,26.408063534536463,26.408063534536463,26.408063534536463,26.408063534536463,146251.0,0.0,1
1996-04-22,26.011942581518415,26.011942581518415,26.011942581518415,26.011942581518415,66306.0,0.0,1
1996-04-23,26.363103806368915,26.363103806368915,26.363103806368915,26.363103806368915,218993.99999999997,0.0,1
1996-04-24,26.33937701294318,26.33937701294318,26.33937701294318,26.33937701294318,225028.0,0.0,1
1996-04-25,25.64928533520407,25.64928533520407,25.64928533520407,25.64928533520407,242028.00000000003,0.0,1
1996-04-26,25.867304260553304,25.867304260553304,25.867304260553304,25.867304260553304,167325.0,0.0,1
1996-04-29,26.37947688491226,26.37947688491226,26.37947688491226,26.37947688491226,410664.99999999994,0.0,1
1996-04-30,25.81759402726363,25.81759402726363,25.81759402726363,25.81759402726363,122535.0,0.0,1
1996-05-01,26.434634524515232,26.434634524515232,26.434634524515232,26.434634524515232,139279.0,0.0,1
1996-05-02,26.572094624042712,26.572094624042712,26.572094624042712,26.572094624042712,215784.00000000003,0.0,1
1996-05-03,25.865276907043178,25.865276907043178,25.865276907043178,25.865276907043178,276564.0,0.0,1
1996-05-06,26.589504660440387,26.589504660440387,26.589504660440387,26.589504660440387,124126.0,0.0,1
1996-05-07,26.671932124887753,26.671932124887753,26.671932124887753,26.671932124887753,147295.0,0.0,1
1996-05-08,27.384072712622256,27.384072712622256,27.384072712622256,27.384072712622256,408205.00000000006,0.0,1
1996-05-09,28.060459308624026,28.060459308624026,28.060459308624026,28.060459308624026,109180.0,0.0,1
1996-05-10,28.64972895410513,28.64972895410513,28.64972895410513,28.64972895410513,141081.0,0.0,1
1996-05-13,28.116843995558774,28.116843995558774,28.116843995558774,28.116843995558774,93628.0,0.0,1
1996-05-14,27.5545071156476,27.5545071156476,27.5545071156476,27.5545071156476,251992.0,0.0,1
1996-05-15,26.96484066337274,26.96484066337274,26.96484066337274,26.96484066337274,191565.0,0.0,1
1996-05-16,27.037645733163846,27.037645733163846,27.037645733163846,27.037645733163846,124416.00000000001,0.0,1
1996-05-17,26.36711211898138,26.36711211898138,26.36711211898138,26.36711211898138,144072.0,0.0,1
1996-05-20,25.70529760479495,25.70529760479495,25.70529760479495,25.70529760479495,434160.0,0.0,1
1996-05-21,24.977837682579253,24.977837682579253,24.977837682579253,24.977837682579253,312591.0,0.0,1
1996-05-22,25.61976811102154,25.61976811102154,25.61976811102154,25.61976811102154,307762.0,0.0,1
1996-05-23,25.60695822696603,25.60695822696603,25.60695822696603,25.60695822696603,124872.0,0.0,1
1996-05-24,26.17031130795928,26.17031130795928,26.17031130795928,26.17031130795928,259786.99999999997,0.0,1
1996-05-28,26.076098187250626,26.076098187250626,26.076098187250626,26.076098187250626,235638.0,0.0,1
1996-05-29,26.07870579706935,26.07870579706935,26.07870579706935,26.07870579706935,345618.0,0.0,1
1996-05-30,26.83498826518436,26.83498826518436,26.83498826518436,26.83498826518436,158080.0,0.0,1
1996-05-31,27.390472522273676,27.390472522273676,27.390472522273676,27.390472522273676,130219.00000000001,0.0,1
1996-06-03,26.965920198178434,26.965920198178434,26.965920198178434,26.965920198178434,64428.0,0.0,1
1996-06-04,27.22479303208095,27.22479303208095,27.22479303208095,27.22479303208095,105894.0,0.0,1
1996-06-05,26.919875350121643,26.919875350121643,26.919875350121643,26.919875350121643,243243.0,0.0,1
1996-06-06,26.33302206748899,26.33302206748899,26.33302206748899,26.33302206748899,198240.0,0.0,1
1996-06-07,25.848494461447192,25.848494461447192,25.848494461447192,25.848494461447192,251557.00000000003,0.0,1
1996-06-10,26.081130911600216,26.081130911600216,26.081130911600216,26.081130911600216,140976.0,0.0,1
1996-06-11,26.39149636944826,26.39149636944826,26.39149636944826,26.39149636944826,382352.0,0.0,1
1996-06-12,26.826956059544155,26.826956059544155,26.826956059544155,26.826956059544155,409662.0,0.0,1
1996-06-13,26.467474848346264,26.467474848346264,26.467474848346264,26.467474848346264,364872.0,0.0,1
1996-06-14,26.973003617949676,26.973003617949676,26.973003617949676,26.973003617949676,255493.0,0.0,1
1996-06-17,26.422754344143502,26.422754344143502,26.422754344143502,26.422754344143502,248587.99999999997,0.0,1
1996-06-18,25.65649446816334,25.65649446816334,25.65649446816334,25.65649446816334,248832.0,0.0,1
1996-06-19,25.06126379650195,25.06126379650195,25.06126379650195,25.06126379650195,144812.0,0.0,1
1996-06-20,25.06126379650195,25.06126379650195,25.06126379650195,25.06126379650195,237876.0,0.0,1
1996-06-21,24.888341076306087,24.888341076306087,24.888341076306087,24.888341076306087,294261.0,0.0,1
1996-06-24,25.542904446612937,25.542904446612937,25.542904446612937,25.542904446612937,185360.0,0.0,1
1996-06-25,26.19680280044623,26.19680280044623,26.19680280044623,26.19680280044623,146640.0,0.0,1
1996-06-26,26.495446352371317,26.495446352371317,26.495446352371317,26.495446352371317,154618.0,0.0,1
1996-06-27,25.70853159570589,25.70853159570589,25.70853159570589,25.70853159570589,139565.0,0.0,1
1996-06-28,26.214989668141296,26.214989668141296,26.214989668141296,26.214989668141296,260898.0,0.0,1
1996-07-01,26.941144881948812,26.941144881948812,26.941144881948812,26.941144881948812,180858.0,0.0,1
1996-07-02,27.14320346856343,27.14320346856343,27.14320346856343,27.14320346856343,98325.0,0.22,1
1996-07-03,27.90321316568321,27.90321316568321,27.90321316568321,27.90321316568321,108570.0,0.0,1
1996-07-05,27.613019748760106,27.613019748760106,27.613019748760106,27.613019748760106,86848.0,0.0,1
1996-07-08,26.919932953066226,26.919932953066226,26.919932953066226,26.919932953066226,168646.0,0.0,1
1996-07-09,27.329115933952835,27.329115933952835,27.329115933952835,27.329115933952835,123119.0,0.0,1
1996-07-10,27.580543800545204,27.580543800545204,27.580543800545204,27.580543800545204,337295.0,0.0,1
1996-07-11,27.43712497278237,27.43712497278237,27.43712497278237,27.43712497278237,104004.0,0.0,1
1996-07-12,27.626441135094566,27.626441135094566,27.626441135094566,27.626441135094566,222544.00000000003,0.0,1
1996-07-15,26.830799630403842,26.830799630403842,26.830799630403842,26.830799630403842,149695.0,0.0,1
1996-07-16,26.160029639643746,26.160029639643746,26.160029639643746,26.160029639643746,97956.0,0.0,1
1996-07-17,25.751933177265304,25.751933177265304,25.751933177265304,25.751933177265304,131625.0,0.0,1
1996-07-18,25.965674222636604,25.965674222636604,25.965674222636604,25.965674222636604,103649.0,0.0,1
1996-07-19,26.549901892645927,26.549901892645927,26.549901892645927,26.549901892645927,129223.99999999999,0.0,1
1996-07-22,26.52866197113181,26.52866197113181,26.52866197113181,26.52866197113181,95219.99999999999,0.0,1
1996-07-23,25.897279816218873,25.897279816218873,25.897279816218873,25.897279816218873,112480.0,0.0,1
1996-07-24,26.275380101535667,26.275380101535667,26.275380101535667,26.275380101535667,147298.0,0.0,1
1996-07-25,26.338441013779352,26.338441013779352,26.338441013779352,26.338441013779352,80028.0,0.0,1
1996-07-26,26.704545343870887,26.704545343870887,26.704545343870887,26.704545343870887,80812.0,0.0,1
1996-07-29,25.946136256104953,25.946136256104953,25.946136256104953,25.946136256104953,238542.0,0.0,1
1996-07-30,25.97467700598667,25.97467700598667,25.97467700598667,25.97467700598667,175182.0,0.0,1
1996-07-31,25.97727447368727,25.97727447368727,25.97727447368727,25.97727447368727,104166.0,0.0,1
1996-08-01,26.678660884476823,26.678660884476823,26.678660884476823,26.678660884476823,135648.0,0.0,1
1996-08-02,26.85474004631437,26.85474004631437,26.85474004631437,26.85474004631437,118448.0,0.0,1
1996-08-05,27.40526221726381,27.40526221726381,27.40526221726381,27.40526221726381,127011.99999999999,0.0,1
1996-08-06,27.21616590796469,27.21616590796469,27.21616590796469,27.21616590796469,128656.0,0.0,1
1996-08-07,27.450224934773185,27.450224934773185,27.450224934773185,27.450224934773185,78240.0,0.0,1
1996-08-08,27.409049597371027,27.409049597371027,27.409049597371027,27.409049597371027,81696.0,0.0,1
1996-08-09,27.16784996091416,27.16784996091416,27.16784996091416,27.16784996091416,99778.99999999999,0.0,1
1996-08-12,27.151549250937613,27.151549250937613,27.151549250937613,27.151549250937613,146910.0,0.0,1
1996-08-13,26.65739105457055,26.65739105457055,26.65739105457055,26.65739105457055,49380.99999999999,0.0,1
1996-08-14,26.644062359043264,26.644062359043264,26.644062359043264,26.644062359043264,112564.0,0.0,1
1996-08-15,27.08368938796748,27.08368938796748,27.08368938796748,27.08368938796748,132696.0,0.0,1
1996-08-16,27.787865312054635,27.787865312054635,27.787865312054635,27.787865312054635,95823.99999999999,0.0,1
1996-08-19,27.179311061720636,27.179311061720636,27.179311061720636,27.179311061720636,91922.0,0.0,1
1996-08-20,26.793364844644202,26.793364844644202,26.793364844644202,26.793364844644202,38220.0,0.0,1
1996-08-21,26.45844778408615,26.45844778408615,26.45844778408615,26.45844778408615,105888.0,0.0,1
1996-08-22,25.775819831256726,25.775819831256726,25.775819831256726,25.775819831256726,71456.0,0.0,1
1996-08-23,25.31443265627723,25.31443265627723,25.31443265627723,25.31443265627723,298110.0,0.0,1
1996-08-26,24.729669261917227,24.729669261917227,24.729669261917227,24.729669261917227,78568.0,0.0,1
1996-08-27,25.001695623798312,25.001695623798312,25.001695623798312,25.001695623798312,178178.0,0.0,1
1996-08-28,24.76667968493461,24.76667968493461,24.76667968493461,24.76667968493461,214245.0,0.0,1
1996-08-29,24.764203016966114,24.764203016966114,24.764203016966114,24.764203016966114,275145.0,0.0,1
1996-08-30,24.39273997171162,24.39273997171162,24.39273997171162,24.39273997171162,416053.00000000006,0.0,1
1996-09-03,24.985483553024213,24.985483553024213,24.985483553024213,24.985483553024213,305976.0,0.0,1
1996-09-04,24.957999521115887,24.957999521115887,24.957999521115887,24.957999521115887,301116.0,0.0,1
1996-09-05,25.472134311250873,25.472134311250873,25.472134311250873,25.472134311250873,327852.0,0.0,1
1996-09-06,25.711572373776633,25.711572373776633,25.711572373776633,25.711572373776633,85526.0,0.0,1
1996-09-09,26.05610744358524,26.05610744358524,26.05610744358524,26.05610744358524,119599.99999999999,0.0,1
1996-09-10,25.97272789976577,25.97272789976577,25.97272789976577,25.97272789976577,160758.0,0.0,1
1996-09-11,26.736326100018886,26.736326100018886,26.736326100018886,26.736326100018886,84224.0,0.0,1
1996-09-12,26.870007730518978,26.870007730518978,26.870007730518978,26.870007730518978,118048.0,0.0,1
1996-09-13,27.14408180937027,27.14408180937027,27.14408180937027,27.14408180937027,232458.0,0.0,1
1996-09-16,26.416620416879145,26.416620416879145,26.416620416879145,26.416620416879145,222000.0,0.0,1
1996-09-17,26.242270722127742,26.242270722127742,26.242270722127742,26.242270722127742,164780.0,0.0,1
1996-09-18,25.830267071790335,25.830267071790335,25.830267071790335,25.830267071790335,216480.00000000003,0.0,1
1996-09-19,25.321410810476063,25.321410810476063,25.321410810476063,25.321410810476063,368750.0,0.0,1
1996-09-20,24.66811841156578,24.66811841156578,24.66811841156578,24.66811841156578,171134.0,0.0,1
1996-09-23,24.91973321936375,24.91973321936375,24.91973321936375,24.91973321936375,221510.0,0.0,1
1996-09-24,24.67801180713592,24.67801180713592,24.67801180713592,24.67801180713592,269087.0,0.0,1
1996-09-25,24.8384188838823,24.8384188838823,24.8384188838823,24.8384188838823,168655.0,0.0,1
1996-09-26,24.652130742253185,24.652130742253185,24.652130742253185,24.652130742253185,142485.0,0.0,1
1996-09-27,25.06382132564881,25.06382132564881,25.06382132564881,25.06382132564881,118203.99999999999,0.0,1
1996-09-30,25.808216819020583,25.808216819020583,25.808216819020583,25.808216819020583,180492.0,0.0,1
1996-10-01,25.67917573492548,25.67917573492548,25.67917573492548,25.67917573492548,163282.0,0.0,1
1996-10-02,26.21587050778542,26.21587050778542,26.21587050778542,26.21587050778542,327132.0,0.0,1
1996-10-03,26.907969489190958,26.907969489190958,26.907969489190958,26.907969489190958,123703.0,0.0,1
1996-10-04,26.916041880037714,26.916041880037714,26.916041880037714,26.916041880037714,226258.0,0.0,1
1996-10-07,26.86220979627764,26.86220979627764,26.86220979627764,26.86220979627764,194080.0,0.0,1
1996-10-08,26.096636817083727,26.096636817083727,26.096636817083727,26.096636817083727,102312.0,0.2178,1
1996-10-09,25.992250269815393,25.992250269815393,25.992250269815393,25.992250269815393,144910.0,0.0,1
1996-10-10,26.40552704910546,26.40552704910546,26.40552704910546,26.40552704910546,110212.0,0.0,1
1996-10-11,25.93550866763138,25.93550866763138,25.93550866763138,25.93550866763138,83460.0,0.0,1
1996-10-14,26.12224433003833,26.12224433003833,26.12224433003833,26.12224433003833,56248.0,0.0,1
1996-10-15,25.996857557254145,25.996857557254145,25.996857557254145,25.996857557254145,144144.0,0.0,1
1996-10-16,25.450923548551806,25.450923548551806,25.450923548551806,25.450923548551806,279900.0,0.0,1
1996-10-17,25.55018215039116,25.55018215039116,25.55018215039116,25.55018215039116,339112.99999999994,0.0,1
1996-10-18,25.511856877165574,25.511856877165574,25.511856877165574,25.511856877165574,137505.0,0.0,1
1996-10-21,25.59094363348479,25.59094363348479,25.59094363348479,25.59094363348479,298253.0,0.0,1
1996-10-22,26.06181699634091,26.06181699634091,26.06181699634091,26.06181699634091,563616.0,0.0,1
1996-10-23,26.697725331051625,26.697725331051625,26.697725331051625,26.697725331051625,438665.99999999994,0.0,1
1996-10-24,26.60695306492605,26.60695306492605,26.60695306492605,26.60695306492605,94880.0,0.0,1
1996-10-25,26.324919362437832,26.324919362437832,26.324919362437832,26.324919362437832,78795.0,0.0,1
1996-10-28,25.89055819295761,25.89055819295761,25.89055819295761,25.89055819295761,489960.0,0.0,1
1996-10-29,25.170800675193387,25.170800675193387,25.170800675193387,25.170800675193387,72242.0,0.0,1
1996-10-30,25.150664034653232,25.150664034653232,25.150664034653232,25.150664034653232,122640.0,0.0,1
1996-10-31,25.24372149158145,25.24372149158145,25.24372149158145,25.24372149158145,49155.0,0.0,1
1996-11-01,25.185660932150814,25.185660932150814,25.185660932150814,25.185660932150814,194464.0,0.0,1
1996-11-04,25.419887578819818,25.419887578819818,25.419887578819818,25.419887578819818,35530.0,0.0,1
1996-11-05,25.056383186442694,25.056383186442694,25.056383186442694,25.056383186442694,190827.0,0.0,1
1996-11-06,24.49010892642909,24.49010892642909,24.49010892642909,24.49010892642909,160545.0,0.0,1
1996-11-07,24.602763427490665,24.602763427490665,24.602763427490665,24.602763427490665,132496.0,0.0,1
1996-11-08,24.05904235574312,24.05904235574312,24.05904235574312,24.05904235574312,104748.0,0.0,1
1996-11-11,24.044606930329675,24.044606930329675,24.044606930329675,24.044606930329675,269982.0,0.0,1
1996-11-12,23.962855266766553,23.962855266766553,23.962855266766553,23.962855266766553,267057.0,0.0,1
1996-11-13,24.003592120720057,24.003592120720057,24.003592120720057,24.003592120720057,261615.00000000003,0.0,1
1996-11-14,23.475513094064215,23.475513094064215,23.475513094064215,23.475513094064215,63412.0,0.0,1
1996-11-15,24.034230305702945,24.034230305702945,24.034230305702945,24.034230305702945,195130.0,0.0,1
1996-11-18,23.66169973596455,23.66169973596455,23.66169973596455,23.66169973596455,103384.99999999999,0.0,1
1996-11-19,23.64277037617578,23.64277037617578,23.64277037617578,23.64277037617578,77568.0,0.0,1
1996-11-20,23.671141700627192,23.671141700627192,23.671141700627192,23.671141700627192,217592.0,0.0,1
1996-11-21,23.555153106294117,23.555153106294117,23.555153106294117,23.555153106294117,72036.0,0.0,1
1996-11-22,23.402044611103207,23.402044611103207,23.402044611103207,23.402044611103207,260441.99999999997,0.0,1
1996-11-25,23.49799299400873,23.49799299400873,23.49799299400873,23.49799299400873,301254.0,0.0,1
1996-11-26,23.11262590890699,23.11262590890699,23.11262590890699,23.11262590890699,237454.0,0.0,1
1996-11-27,23.625726204084724,23.625726204084724,23.625726204084724,23.625726204084724,125457.0,0.0,1
1996-11-29,23.46507126589695,23.46507126589695,23.46507126589695,23.46507126589695,98209.99999999999,0.0,1
1996-12-02,23.08259060426283,23.08259060426283,23.08259060426283,23.08259060426283,391937.0,0.0,1
1996-12-03,23.431137722387195,23.431137722387195,23.431137722387195,23.431137722387195,135720.0,0.0,1
1996-12-04,23.29055089605287,23.29055089605287,23.29055089605287,23.29055089605287,87552.0,0.0,1
1996-12-05,23.13683326013892,23.13683326013892,23.13683326013892,23.13683326013892,286956.0,0.0,1
1996-12-06,23.178479560007172,23.178479560007172,23.178479560007172,23.178479560007172,231693.0,0.0,1
1996-12-09,22.640738834215007,22.640738834215007,22.640738834215007,22.640738834215007,223665.00000000003,0.0,1
1996-12-10,22.108681471610954,22.108681471610954,22.108681471610954,22.108681471610954,160400.0,0.0,1
1996-12-11,22.444733429979443,22.444733429979443,22.444733429979443,22.444733429979443,171010.0,0.0,1
1996-12-12,22.215797148993655,22.215797148993655,22.215797148993655,22.215797148993655,156798.0,0.0,1
1996-12-13,22.13804185897218,22.13804185897218,22.13804185897218,22.13804185897218,320124.0,0.0,1
1996-12-16,22.324001410587545,22.324001410587545,22.324001410587545,22.324001410587545,123600.0,0.0,1
1996-12-17,22.404367815665662,22.404367815665662,22.404367815665662,22.404367815665662,398762.0,0.0,1
1996-12-18,22.245296804174437,22.245296804174437,22.245296804174437,22.245296804174437,685386.0,0.0,1
1996-12-19,22.191908091844418,22.191908091844418,22.191908091844418,22.191908091844418,313491.0,0.0,1
1996-12-20,21.648206343594232,21.648206343594232,21.648206343594232,21.648206343594232,348521.0,0.0,1
1996-12-23,21.490174437285994,21.490174437285994,21.490174437285994,21.490174437285994,246700.0,0.0,1
1996-12-24,21.644903693234454,21.644903693234454,21.644903693234454,21.644903693234454,187668.0,0.0,1
1996-12-26,22.279099371446225,22.279099371446225,22.279099371446225,22.279099371446225,141050.0,0.0,1
1996-12-27,22.651160330949377,22.651160330949377,22.651160330949377,22.651160330949377,196680.0,0.0,1
1996-12-30,22.49713244069892,22.49713244069892,22.49713244069892,22.49713244069892,96460.0,0.0,1
1996-12-31,22.27216111629193,22.27216111629193,22.27216111629193,22.27216111629193,338424.0,0.2596,1
1997-01-02,22.637424558599115,22.637424558599115,22.637424558599115,22.637424558599115,377339.99999999994,0.0,1
1997-01-03,22.139401218309935,22.139401218309935,22.139401218309935,22.139401218309935,212395.0,0.0,1
1997-01-06,22.068555134411344,22.068555134411344,22.068555134411344,22.068555134411344,261580.00000000003,0.0,1
1997-01-07,22.249517286513516,22.249517286513516,22.249517286513516,22.249517286513516,221622.0,0.0,1
1997-01-08,22.53876101123819,22.53876101123819,22.53876101123819,22.53876101123819,345457.0,0.0,1
1997-01-09,22.22096448097973,22.22096448097973,22.22096448097973,22.22096448097973,115692.0,0.0,1
1997-01-10,22.476505572510998,22.476505572510998,22.476505572510998,22.476505572510998,181815.0,0.0,1
1997-01-13,22.485496174740003,22.485496174740003,22.485496174740003,22.485496174740003,172500.0,0.0,1
1997-01-14,22.69011418993014,22.69011418993014,22.69011418993014,22.69011418993014,122304.0,0.0,1
1997-01-15,22.327072362891258,22.327072362891258,22.327072362891258,22.327072362891258,172032.0,0.0,1
1997-01-16,22.474431040486337,22.474431040486337,22.474431040486337,22.474431040486337,454480.0,0.0,1
1997-01-17,22.953136421648697,22.953136421648697,22.953136421648697,22.953136421648697,201388.0,0.0,1
1997-01-20,23.428266345576823,23.428266345576823,23.428266345576823,23.428266345576823,187759.0,0.0,1
1997-01-21,23.15884128260269,23.15884128260269,23.15884128260269,23.15884128260269,1032524.9999999999,0.0,1
1997-01-22,23.798025302002525,23.798025302002525,23.798025302002525,23.798025302002525,423120.0,0.0,1
1997-01-23,24.007447924660145,24.007447924660145,24.007447924660145,24.007447924660145,224762.0,0.0,1
1997-01-24,24.290735810171135,24.290735810171135,24.290735810171135,24.290735810171135,192602.0,0.0,1
1997-01-27,24.451054666518264,24.451054666518264,24.451054666518264,24.451054666518264,191169.0,0.0,1
1997-01-28,24.896063861448894,24.896063861448894,24.896063861448894,24.896063861448894,125440.0,0.0,1
1997-01-29,24.3807153395169,24.3807153395169,24.3807153395169,24.3807153395169,144060.0,0.0,1
1997-01-30,24.85126314556958,24.85126314556958,24.85126314556958,24.85126314556958,322260.0,0.0,1
1997-01-31,24.10572525120249,24.10572525120249,24.10572525120249,24.10572525120249,803241.0,0.0,1
1997-02-03,23.794761395461975,23.794761395461975,23.794761395461975,23.794761395461975,158198.0,0.0,1
1997-02-04,23.89707886946246,23.89707886946246,23.89707886946246,23.89707886946246,143046.0,0.0,1
1997-02-05,23.9042479931233,23.9042479931233,23.9042479931233,23.9042479931233,259185.00000000003,0.0,1
1997-02-06,24.14329047305453,24.14329047305453,24.14329047305453,24.14329047305453,123421.0,0.0,1
1997-02-07,24.056374627351534,24.056374627351534,24.056374627351534,24.056374627351534,104310.0,0.0,1
1997-02-10,24.547124669749504,24.547124669749504,24.547124669749504,24.547124669749504,174989.99999999997,0.0,1
1997-02-11,24.40720605913193,24.40720605913193,24.40720605913193,24.40720605913193,111060.0,0.0,1
1997-02-12,24.065505174304082,24.065505174304082,24.065505174304082,24.065505174304082,186645.0,0.0,1
1997-02-13,23.904266289636244,23.904266289636244,23.904266289636244,23.904266289636244,113535.0,0.0,1
1997-02-14,24.320200523075915,24.320200523075915,24.320200523075915,24.320200523075915,166296.0,0.0,1
1997-02-18,24.230215781140533,24.230215781140533,24.230215781140533,24.230215781140533,116754.0,0.0,1
1997-02-19,24.600938082591984,24.600938082591984,24.600938082591984,24.600938082591984,246012.0,0.0,1
1997-02-20,25.092956844243826,25.092956844243826,25.092956844243826,25.092956844243826,109760.0,0.0,1
1997-02-21,25.660057668923734,25.660057668923734,25.660057668923734,25.660057668923734,963992.0,0.0,1
1997-02-24,25.98080838978528,25.98080838978528,25.98080838978528,25.98080838978528,482064.0,0.0,1
1997-02-25,25.533938485480974,25.533938485480974,25.533938485480974,25.533938485480974,432015.0,0.0,1
1997-02-26,25.11262850047054,25.11262850047054,25.11262850047054,25.11262850047054,223286.0,0.0,1
1997-02-27,24.83890084981541,24.83890084981541,24.83890084981541,24.83890084981541,189696.0,0.0,1
1997-02-28,25.353066097406586,25.353066097406586,25.353066097406586,25.353066097406586,465645.00000000006,0.0,1
1997-03-03,25.467154894844914,25.467154894844914,25.467154894844914,25.467154894844914,147430.0,0.0,1
1997-03-04,25.5028089116977,25.5028089116977,25.5028089116977,25.5028089116977,579447.0,0.0,1
1997-03-05,24.982551609899065,24.982551609899065,24.982551609899065,24.982551609899065,102917.0,0.0,1
1997-03-06,24.53036742575989,24.53036742575989,24.53036742575989,24.53036742575989,222872.0,0.0,1
1997-03-07,24.125616363234855,24.125616363234855,24.125616363234855,24.125616363234855,187083.0,0.0,1
1997-03-10,24.25106956832368,24.25106956832368,24.25106956832368,24.25106956832368,98739.0,0.0,1
1997-03-11,24.3650495952948,24.3650495952948,24.3650495952948,24.3650495952948,252960.0,0.0,1
1997-03-12,23.65359014711219,23.65359014711219,23.65359014711219,23.65359014711219,200790.0,0.0,1
1997-03-13,24.069893333701366,24.069893333701366,24.069893333701366,24.069893333701366,249750.00000000003,0.0,1
1997-03-14,23.96639279236645,23.96639279236645,23.96639279236645,23.96639279236645,98600.0,0.0,1
1997-03-17,23.89928689254782,23.89928689254782,23.89928689254782,23.89928689254782,122858.0,0.0,1
1997-03-18,23.645954451486812,23.645954451486812,23.645954451486812,23.645954451486812,39757.0,0.0,1
1997-03-19,23.116285071773508,23.116285071773508,23.116285071773508,23.116285071773508,308654.0,0.0,1
1997-03-20,23.08161064416585,23.08161064416585,23.08161064416585,23.08161064416585,256608.0,0.0,1
1997-03-21,22.543809116156787,22.543809116156787,22.543809116156787,22.543809116156787,253260.0,0.0,1
1997-03-24,22.28004654949775,22.28004654949775,22.28004654949775,22.28004654949775,182880.0,0.0,1
1997-03-25,22.69222741066346,22.69222741066346,22.69222741066346,22.69222741066346,172640.0,0.0,1
1997-03-26,23.109764395019667,23.109764395019667,23.109764395019667,23.109764395019667,92904.0,0.0,1
1997-03-27,22.601349578329234,22.601349578329234,22.601349578329234,22.601349578329234,86304.0,0.0,1
1997-03-31,22.377596217503775,22.377596217503775,22.377596217503775,22.377596217503775,110112.0,0.0,1
1997-04-01,21.956897408614704,21.956897408614704,21.956897408614704,21.956897408614704,139329.0,0.0,1
1997-04-02,21.65389222437582,21.65389222437582,21.65389222437582,21.65389222437582,388389.00000000006,0.0,1
1997-04-03,21.424360966797437,21.424360966797437,21.424360966797437,21.424360966797437,163566.0,0.0,1
1997-04-04,20.90803386749762,20.90803386749762,20.90803386749762,20.90803386749762,154350.0,0.0,1
1997-04-07,21.317831331300575,21.317831331300575,21.317831331300575,21.317831331300575,168386.0,0.0,1
1997-04-08,21.332753813232483,21.332753813232483,21.332753813232483,21.332753813232483,86037.0,0.0,1
1997-04-09,21.083160593617663,21.083160593617663,21.083160593617663,21.083160593617663,84099.0,0.234,1
1997-04-10,20.680472226279566,20.680472226279566,20.680472226279566,20.680472226279566,77720.0,0.0,1
1997-04-11,20.14898409006418,20.14898409006418,20.14898409006418,20.14898409006418,32078.0,0.0,1
1997-04-14,20.271892893013572,20.271892893013572,20.271892893013572,20.271892893013572,138673.0,0.0,1
1997-04-15,20.13607121063038,20.13607121063038,20.13607121063038,20.13607121063038,94374.0,0.0,1
1997-04-16,20.440125885910895,20.440125885910895,20.440125885910895,20.440125885910895,99008.0,0.0,1
1997-04-17,20.325661180949794,20.325661180949794,20.325661180949794,20.325661180949794,74375.0,0.0,1
1997-04-18,20.350051974366934,20.350051974366934,20.350051974366934,20.350051974366934,78692.0,0.0,1
1997-04-21,20.374472036736176,20.374472036736176,20.374472036736176,20.374472036736176,126498.0,0.0,1
1997-04-22,20.751399769415794,20.751399769415794,20.751399769415794,20.751399769415794,96084.0,0.0,1
1997-04-23,20.65386819049954,20.65386819049954,20.65386819049954,20.65386819049954,82911.0,0.0,1
1997-04-24,20.046644465698854,20.046644465698854,20.046644465698854,20.046644465698854,143523.0,0.0,1
1997-04-25,20.58389453737958,20.58389453737958,20.58389453737958,20.58389453737958,154593.0,0.0,1
1997-04-28,20.361588476375882,20.361588476375882,20.361588476375882,20.361588476375882,97495.0,0.0,1
1997-04-29,20.67515693891207,20.67515693891207,20.67515693891207,20.67515693891207,43262.0,0.0,1
1997-04-30,20.530430840339687,20.530430840339687,20.530430840339687,20.530430840339687,65853.0,0.0,1
1997-05-01,20.9061377247179,20.9061377247179,20.9061377247179,20.9061377247179,84915.0,0.0,1
1997-05-02,20.47338067381624,20.47338067381624,20.47338067381624,20.47338067381624,97565.0,0.0,1
1997-05-05,20.579842253320088,20.579842253320088,20.579842253320088,20.579842253320088,190439.99999999997,0.0,1
1997-05-06,20.332884146280247,20.332884146280247,20.332884146280247,20.332884146280247,200368.00000000003,0.0,1
1997-05-07,19.76153010176977,19.76153010176977,19.76153010176977,19.76153010176977,127448.0,0.0,1
1997-05-08,19.522415587538358,19.522415587538358,19.522415587538358,19.522415587538358,107245.0,0.0,1
1997-05-09,19.91091165773037,19.91091165773037,19.91091165773037,19.91091165773037,77770.0,0.0,1
1997-05-12,19.51667560690731,19.51667560690731,19.51667560690731,19.51667560690731,61683.0,0.0,1
1997-05-13,19.526433944710764,19.526433944710764,19.526433944710764,19.526433944710764,156617.99999999997,0.0,1
1997-05-14,19.571344742783598,19.571344742783598,19.571344742783598,19.571344742783598,41676.0,0.0,1
1997-05-15,19.835557896811178,19.835557896811178,19.835557896811178,19.835557896811178,38130.0,0.0,1
1997-05-16,19.813738783124684,19.813738783124684,19.813738783124684,19.813738783124684,147320.0,0.0,1
1997-05-19,19.89101236437887,19.89101236437887,19.89101236437887,19.89101236437887,52751.0,0.0,1
1997-05-20,20.221203169627557,20.221203169627557,20.221203169627557,20.221203169627557,42624.0,0.0,1
1997-05-21,20.182782883605263,20.182782883605263,20.182782883605263,20.182782883605263,114232.00000000001,0.0,1
1997-05-22,19.966827106750685,19.966827106750685,19.966827106750685,19.966827106750685,64700.0,0.0,1
1997-05-23,20.302269802144096,20.302269802144096,20.302269802144096,20.302269802144096,44034.0,0.0,1
1997-05-27,19.78050146822899,19.78050146822899,19.78050146822899,19.78050146822899,55981.0,0.0,1
1997-05-28,20.02577968643503,20.02577968643503,20.02577968643503,20.02577968643503,114380.0,0.0,1
1997-05-29,20.360210207198495,20.360210207198495,20.360210207198495,20.360210207198495,154990.0,0.0,1
1997-05-30,20.40703869067505,20.40703869067505,20.40703869067505,20.40703869067505,90636.0,0.0,1
1997-06-02,19.956043135611132,19.956043135611132,19.956043135611132,19.956043135611132,249399.99999999997,0.0,1
1997-06-03,19.820342042288978,19.820342042288978,19.820342042288978,19.820342042288978,151866.0,0.0,1
1997-06-04,20.196928541092465,20.196928541092465,20.196928541092465,20.196928541092465,82156.0,0.0,1
1997-06-05,20.09998328409522,20.09998328409522,20.09998328409522,20.09998328409522,328748.0,0.0,1
1997-06-06,19.625623678590575,19.625623678590575,19.625623678590575,19.625623678590575,140130.0,0.0,1
1997-06-09,19.984772591908783,19.984772591908783,19.984772591908783,19.984772591908783,175824.0,0.0,1
1997-06-10,19.972781728353638,19.972781728353638,19.972781728353638,19.972781728353638,287532.0,0.0,1
1997-06-11,20.060661967958392,20.060661967958392,20.060661967958392,20.060661967958392,161640.0,0.0,1
1997-06-12,20.25525038904759,20.25525038904759,20.25525038904759,20.25525038904759,205547.0,0.0,1
1997-06-13,19.78735410506059,19.78735410506059,19.78735410506059,19.78735410506059,203544.0,0.0,1
1997-06-16,20.363166109517852,20.363166109517852,20.363166109517852,20.363166109517852,89796.0,0.0,1
1997-06-17,20.699158350324897,20.699158350324897,20.699158350324897,20.699158350324897,133926.0,0.0,1
1997-06-18,21.255965709948637,21.255965709948637,21.255965709948637,21.255965709948637,112800.0,0.0,1
1997-06-19,21.82775118754625,21.82775118754625,21.82775118754625,21.82775118754625,142848.0,0.0,1
1997-06-20,21.84739616361504,21.84739616361504,21.84739616361504,21.84739616361504,503893.0,0.0,1
1997-06-23,21.259701206813794,21.259701206813794,21.259701206813794,21.259701206813794,189888.0,0.0,1
1997-06-24,20.95993941979772,20.95993941979772,20.95993941979772,20.95993941979772,257798.0,0.0,1
1997-06-25,20.61200442542908,20.61200442542908,20.61200442542908,20.61200442542908,410057.99999999994,0.0,1
1997-06-26,20.496577200646676,20.496577200646676,20.496577200646676,20.496577200646676,136850.0,0.0,1
1997-06-27,20.17273128087646,20.17273128087646,20.17273128087646,20.17273128087646,104416.0,0.0,1
1997-06-30,19.84593303412626,19.84593303412626,19.84593303412626,19.84593303412626,146792.0,0.0,1
1997-07-01,19.534351885490477,19.534351885490477,19.534351885490477,19.534351885490477,120870.0,0.0,1
1997-07-02,19.33705493144702,19.33705493144702,19.33705493144702,19.33705493144702,211785.0,0.24525000000000002,1
1997-07-03,19.42020426765224,19.42020426765224,19.42020426765224,19.42020426765224,91778.0,0.0,1
1997-07-07,19.134727264917753,19.134727264917753,19.134727264917753,19.134727264917753,92020.0,0.0,1
1997-07-08,19.24570868305428,19.24570868305428,19.24570868305428,19.24570868305428,539516.0,0.0,1
1997-07-09,19.597905151954173,19.597905151954173,19.597905151954173,19.597905151954173,384228.0,0.0,1
1997-07-10,19.433282748677758,19.433282748677758,19.433282748677758,19.433282748677758,155295.0,0.0,1
1997-07-11,19.685915424410567,19.685915424410567,19.685915424410567,19.685915424410567,116500.0,0.0,1
1997-07-14,19.880805987112232,19.880805987112232,19.880805987112232,19.880805987112232,220527.0,0.0,1
1997-07-15,19.41957128821123,19.41957128821123,19.41957128821123,19.41957128821123,638703.0,0.0,1
1997-07-16,19.244795146617328,19.244795146617328,19.244795146617328,19.244795146617328,321376.0,0.0,1
1997-07-17,18.66937577173347,18.66937577173347,18.66937577173347,18.66937577173347,145962.0,0.0,1
1997-07-18,19.130509353295285,19.130509353295285,19.130509353295285,19.130509353295285,348497.99999999994,0.0,1
1997-07-21,19.67381581892887,19.67381581892887,19.67381581892887,19.67381581892887,194643.0,0.0,1
1997-07-22,20.10467238536341,20.10467238536341,20.10467238536341,20.10467238536341,265096.0,0.0,1
1997-07-23,20.31778191264826,20.31778191264826,20.31778191264826,20.31778191264826,296712.0,0.0,1
1997-07-24,20.789154453021702,20.789154453021702,20.789154453021702,20.789154453021702,199579.00000000003,0.0,1
1997-07-25,21.3608562004798,21.3608562004798,21.3608562004798,21.3608562004798,225108.00000000003,0.0,1
1997-07-28,21.99954580087415,21.99954580087415,21.99954580087415,21.99954580087415,158792.0,0.0,1
1997-07-29,22.49233562681373,22.49233562681373,22.49233562681373,22.49233562681373,158608.0,0.0,1
1997-07-30,22.602548071385115,22.602548071385115,22.602548071385115,22.602548071385115,272223.0,0.0,1
1997-07-31,22.372002081056987,22.372002081056987,22.372002081056987,22.372002081056987,131712.0,0.0,1
1997-08-01,22.190788864200425,22.190788864200425,22.190788864200425,22.190788864200425,143008.0,0.0,1
1997-08-04,21.94003295003496,21.94003295003496,21.94003295003496,21.94003295003496,114268.0,0.0,1
1997-08-05,22.521443823210888,22.521443823210888,22.521443823210888,22.521443823210888,59799.99999999999,0.0,1
1997-08-06,22.616033887268372,22.616033887268372,22.616033887268372,22.616033887268372,66339.0,0.0,1
1997-08-07,22.16823641630046,22.16823641630046,22.16823641630046,22.16823641630046,83544.0,0.0,1
1997-08-08,21.973155935837013,21.973155935837013,21.973155935837013,21.973155935837013,232540.00000000003,0.0,1
1997-08-11,21.557863288649692,21.557863288649692,21.557863288649692,21.557863288649692,346210.0,0.0,1
1997-08-12,21.353063587407522,21.353063587407522,21.353063587407522,21.353063587407522,453984.0,0.0,1
1997-08-13,21.982978963236047,21.982978963236047,21.982978963236047,21.982978963236047,110044.0,0.0,1
1997-08-14,21.560905767141914,21.560905767141914,21.560905767141914,21.560905767141914,280098.0,0.0,1
1997-08-15,21.46603778176649,21.46603778176649,21.46603778176649,21.46603778176649,547800.0,0.0,1
1997-08-18,22.064940235877778,22.064940235877778,22.064940235877778,22.064940235877778,212288.0,0.0,1
1997-08-19,22.095831152208007,22.095831152208007,22.095831152208007,22.095831152208007,268400.0,0.0,1
1997-08-20,22.391915289647596,22.391915289647596,22.391915289647596,22.391915289647596,1397550.0,0.0,1
1997-08-21,22.385197715060702,22.385197715060702,22.385197715060702,22.385197715060702,438872.0,0.0,1
1997-08-22,21.93077820144497,21.93077820144497,21.93077820144497,21.93077820144497,307853.0,0.0,1
1997-08-25,21.53163803817867,21.53163803817867,21.53163803817867,21.53163803817867,472667.0,0.0,1
1997-08-26,21.757720237579544,21.757720237579544,21.757720237579544,21.757720237579544,311280.0,0.0,1
1997-08-27,21.883915014957505,21.883915014957505,21.883915014957505,21.883915014957505,1366283.0,0.0,1
1997-08-28,22.045855986068194,22.045855986068194,22.045855986068194,22.045855986068194,958752.0,0.0,1
1997-08-29,21.891534994165717,21.891534994165717,21.891534994165717,21.891534994165717,313009.99999999994,0.0,1
1997-09-02,22.165179181592787,22.165179181592787,22.165179181592787,22.165179181592787,536040.0,0.0,1
1997-09-03,21.653163542497992,21.653163542497992,21.653163542497992,21.653163542497992,455544.00000000006,0.0,1
1997-09-04,21.408482794467766,21.408482794467766,21.408482794467766,21.408482794467766,741113.9999999999,0.0,1
1997-09-05,21.541215387793464,21.541215387793464,21.541215387793464,21.541215387793464,586866.0,0.0,1
1997-09-08,21.937573750928863,21.937573750928863,21.937573750928863,21.937573750928863,207915.0,0.0,1
1997-09-09,22.1723057900638,22.1723057900638,22.1723057900638,22.1723057900638,261500.0,0.0,1
1997-09-10,22.292036241330145,22.292036241330145,22.292036241330145,22.292036241330145,444717.0,0.0,1
1997-09-11,22.715584929915416,22.715584929915416,22.715584929915416,22.715584929915416,259182.0,0.0,1
1997-09-12,22.41573920884053,22.41573920884053,22.41573920884053,22.41573920884053,431613.0,0.0,1
1997-09-15,22.500919017834125,22.500919017834125,22.500919017834125,22.500919017834125,312746.0,0.0,1
1997-09-16,22.179155875879097,22.179155875879097,22.179155875879097,22.179155875879097,331347.0,0.0,1
1997-09-17,21.855340200091263,21.855340200091263,21.855340200091263,21.855340200091263,482358.0,0.0,1
1997-09-18,21.61274592387025,21.61274592387025,21.61274592387025,21.61274592387025,431749.00000000006,0.0,1
1997-09-19,21.831034657701338,21.831034657701338,21.831034657701338,21.831034657701338,214020.0,0.0,1
1997-09-22,21.876879830482512,21.876879830482512,21.876879830482512,21.876879830482512,174370.0,0.0,1
1997-09-23,21.27745332312729,21.27745332312729,21.27745332312729,21.27745332312729,186480.0,0.0,1
1997-09-24,21.683852681599017,21.683852681599017,21.683852681599017,21.683852681599017,183416.0,0.0,1
1997-09-25,21.562423106582063,21.562423106582063,21.562423106582063,21.562423106582063,194194.0,0.0,1
1997-09-26,21.193705671459508,21.193705671459508,21.193705671459508,21.193705671459508,245816.99999999997,0.0,1
1997-09-29,21.395045875338376,21.395045875338376,21.395045875338376,21.395045875338376,124129.0,0.0,1
1997-09-30,20.98426099453188,20.98426099453188,20.98426099453188,20.98426099453188,230179.0,0.0,1
1997-10-01,20.375717425690453,20.375717425690453,20.375717425690453,20.375717425690453,177869.0,0.0,1
1997-10-02,20.66301504139269,20.66301504139269,20.66301504139269,20.66301504139269,232848.00000000003,0.0,1
1997-10-03,20.454318589474624,20.454318589474624,20.454318589474624,20.454318589474624,215271.0,0.0,1
1997-10-06,19.926597169866177,19.926597169866177,19.926597169866177,19.926597169866177,283608.0,0.24525000000000002,1
1997-10-07,19.484226712695147,19.484226712695147,19.484226712695147,19.484226712695147,264985.0,0.0,1
1997-10-08,18.99712104487777,18.99712104487777,18.99712104487777,18.99712104487777,588189.0,0.0,1
1997-10-09,19.35996605683493,19.35996605683493,19.35996605683493,19.35996605683493,306588.0,0.0,1
1997-10-10,19.363838050046297,19.363838050046297,19.363838050046297,19.363838050046297,773664.0,0.0,1
1997-10-13,19.503257684006634,19.503257684006634,19.503257684006634,19.503257684006634,1303546.0,0.0,1
1997-10-14,19.622227555879075,19.622227555879075,19.622227555879075,19.622227555879075,312797.0,0.0,1
1997-10-15,19.184651881382973,19.184651881382973,19.184651881382973,19.184651881382973,527765.0,0.0,1
1997-10-16,18.66666628058563,18.66666628058563,18.66666628058563,18.66666628058563,1086371.0,0.0,1
1997-10-17,18.983999607355585,18.983999607355585,18.983999607355585,18.983999607355585,957810.0,0.0,1
1997-10-20,19.407342798599615,19.407342798599615,19.407342798599615,19.407342798599615,937520.0,0.0,1
1997-10-21,19.67322339494043,19.67322339494043,19.67322339494043,19.67322339494043,621513.0,0.0,1
1997-10-22,19.297464828097066,19.297464828097066,19.297464828097066,19.297464828097066,341280.0,0.0,1
1997-10-23,19.687273617624626,19.687273617624626,19.687273617624626,19.687273617624626,174420.0,0.0,1
1997-10-24,19.244309961228073,19.244309961228073,19.244309961228073,19.244309961228073,180795.0,0.0,1
1997-10-27,19.265478702185426,19.265478702185426,19.265478702185426,19.265478702185426,179190.0,0.0,1
1997-10-28,19.051631888591167,19.051631888591167,19.051631888591167,19.051631888591167,449280.0,0.0,1
1997-10-29,18.600108212831557,18.600108212831557,18.600108212831557,18.600108212831557,212042.0,0.0,1
1997-10-30,18.170445713115146,18.170445713115146,18.170445713115146,18.170445713115146,279900.0,0.0,1
1997-10-31,18.664681836511875,18.664681836511875,18.664681836511875,18.664681836511875,261408.00000000003,0.0,1
1997-11-03,18.399643354433405,18.399643354433405,18.399643354433405,18.399643354433405,377254.0,0.0,1
1997-11-04,18.714277255794215,18.714277255794215,18.714277255794215,18.714277255794215,600708.0,0.0,1
1997-11-05,18.85650576293825,18.85650576293825,18.85650576293825,18.85650576293825,314424.0,0.0,1
1997-11-06,18.947016990600353,18.947016990600353,18.947016990600353,18.947016990600353,327236.0,0.0,1
1997-11-07,18.767020329189652,18.767020329189652,18.767020329189652,18.767020329189652,459837.00000000006,0.0,1
1997-11-10,19.052279038193337,19.052279038193337,19.052279038193337,19.052279038193337,297330.0,0.0,1
1997-11-11,19.458092581706858,19.458092581706858,19.458092581706858,19.458092581706858,150162.0,0.0,1
1997-11-12,18.911320180160896,18.911320180160896,18.911320180160896,18.911320180160896,461090.0,0.0,1
1997-11-13,18.506617928305452,18.506617928305452,18.506617928305452,18.506617928305452,166439.0,0.0,1
1997-11-14,18.73239866703078,18.73239866703078,18.73239866703078,18.73239866703078,405516.0,0.0,1
1997-11-17,19.281257947974783,19.281257947974783,19.281257947974783,19.281257947974783,580239.0,0.0,1
1997-11-18,19.45093301791696,19.45093301791696,19.45093301791696,19.45093301791696,643374.0,0.0,1
1997-11-19,19.53068184329042,19.53068184329042,19.53068184329042,19.53068184329042,1324680.0,0.0,1
1997-11-20,19.30217286572392,19.30217286572392,19.30217286572392,19.30217286572392,206828.0,0.0,1
1997-11-21,19.257777868132756,19.257777868132756,19.257777868132756,19.257777868132756,192829.0,0.0,1
1997-11-24,19.196152978954732,19.196152978954732,19.196152978954732,19.196152978954732,151060.0,0.0,1
1997-11-25,18.944683374930424,18.944683374930424,18.944683374930424,18.944683374930424,234090.00000000003,0.0,1
1997-11-26,18.590417795819224,18.590417795819224,18.590417795819224,18.590417795819224,175972.0,0.0,1
1997-11-28,19.021715488682233,19.021715488682233,19.021715488682233,19.021715488682233,28900.0,0.0,1
1997-12-01,18.95894382756958,18.95894382756958,18.95894382756958,18.95894382756958,267080.0,0.0,1
1997-12-02,19.396895429986436,19.396895429986436,19.396895429986436,19.396895429986436,151956.0,0.0,1
1997-12-03,19.934189433397062,19.934189433397062,19.934189433397062,19.934189433397062,229009.00000000003,0.0,1
1997-12-04,19.842492162003435,19.842492162003435,19.842492162003435,19.842492162003435,161370.0,0.0,1
1997-12-05,19.41587858052036,19.41587858052036,19.41587858052036,19.41587858052036,146510.0,0.0,1
1997-12-08,19.637219596338294,19.637219596338294,19.637219596338294,19.637219596338294,343709.99999999994,0.0,1
1997-12-09,20.16349708152016,20.16349708152016,20.16349708152016,20.16349708152016,210224.00000000003,0.0,1
1997-12-10,20.516358280446763,20.516358280446763,20.516358280446763,20.516358280446763,203616.00000000003,0.0,1
1997-12-11,20.23528417200464,20.23528417200464,20.23528417200464,20.23528417200464,291696.0,0.0,1
1997-12-12,20.105778353303812,20.105778353303812,20.105778353303812,20.105778353303812,410130.0,0.0,1
1997-12-15,20.560168944088478,20.560168944088478,20.560168944088478,20.560168944088478,279414.0,0.0,1
1997-12-16,21.022772745330467,21.022772745330467,21.022772745330467,21.022772745330467,392246.0,0.0,1
1997-12-17,21.01015908168327,21.01015908168327,21.01015908168327,21.01015908168327,720955.0,0.0,1
1997-12-18,21.094199718010003,21.094199718010003,21.094199718010003,21.094199718010003,256200.0,0.0,1
1997-12-19,21.55405327186262,21.55405327186262,21.55405327186262,21.55405327186262,627480.0,0.0,1
1997-12-22,21.187634366240957,21.187634366240957,21.187634366240957,21.187634366240957,1088801.0,0.0,1
1997-12-23,20.573192969619967,20.573192969619967,20.573192969619967,20.573192969619967,367840.0,0.0,1
1997-12-24,20.55673441524427,20.55673441524427,20.55673441524427,20.55673441524427,74399.0,0.0,1
1997-12-26,20.069539809602983,20.069539809602983,20.069539809602983,20.069539809602983,69472.0,0.0,1
1997-12-29,20.58332002872882,20.58332002872882,20.58332002872882,20.58332002872882,421720.0,0.0,1
1997-12-30,20.02757038795314,20.02757038795314,20.02757038795314,20.02757038795314,216756.0,0.0,1
1997-12-31,19.45077636078009,19.45077636078009,19.45077636078009,19.45077636078009,180544.0,0.25875,1
1998-01-02,18.88281369104531,18.88281369104531,18.88281369104531,18.88281369104531,372600.0,0.0,1
1998-01-05,18.327658968528578,18.327658968528578,18.327658968528578,18.327658968528578,268088.0,0.0,1
1998-01-06,18.410133433886955,18.410133433886955,18.410133433886955,18.410133433886955,308850.0,0.0,1
1998-01-07,18.469045860875394,18.469045860875394,18.469045860875394,18.469045860875394,198528.0,0.0,1
1998-01-08,18.509677761769318,18.509677761769318,18.509677761769318,18.509677761769318,218700.0,0.0,1
1998-01-09,18.839150025928813,18.839150025928813,18.839150025928813,18.839150025928813,346302.0,0.0,1
1998-01-12,18.790168235861398,18.790168235861398,18.790168235861398,18.790168235861398,516285.0,0.0,1
1998-01-13,18.716886579741537,18.716886579741537,18.716886579741537,18.716886579741537,175044.0,0.0,1
1998-01-14,18.310730140961144,18.310730140961144,18.310730140961144,18.310730140961144,192882.0,0.0,1
1998-01-15,18.257629023552358,18.257629023552358,18.257629023552358,18.257629023552358,292986.0,0.0,1
1998-01-16,17.9582039075661,17.9582039075661,17.9582039075661,17.9582039075661,305428.0,0.0,1
1998-01-20,17.809150815133304,17.809150815133304,17.809150815133304,17.809150815133304,134703.0,0.0,1
1998-01-21,18.33095893401671,18.33095893401671,18.33095893401671,18.33095893401671,132240.0,0.0,1
1998-01-22,18.358455372417737,18.358455372417737,18.358455372417737,18.358455372417737,126028.0,0.0,1
1998-01-23,18.42087412068396,18.42087412068396,18.42087412068396,18.42087412068396,149672.0,0.0,1
1998-01-26,18.96060573242,18.96060573242,18.96060573242,18.96060573242,125280.00000000001,0.0,1
1998-01-27,19.282936029871138,19.282936029871138,19.282936029871138,19.282936029871138,132204.0,0.0,1
1998-01-28,18.991763695820083,18.991763695820083,18.991763695820083,18.991763695820083,86785.0,0.0,1
1998-01-29,18.77145923694857,18.77145923694857,18.77145923694857,18.77145923694857,126408.0,0.0,1
1998-01-30,19.133748400221677,19.133748400221677,19.133748400221677,19.133748400221677,103768.00000000001,0.0,1
1998-02-02,19.07443378018099,19.07443378018099,19.07443378018099,19.07443378018099,182520.0,0.0,1
1998-02-03,19.555109511441547,19.555109511441547,19.555109511441547,19.555109511441547,425208.0,0.0,1
1998-02-04,19.752616117507106,19.752616117507106,19.752616117507106,19.752616117507106,175882.0,0.0,1
1998-02-05,19.48398053830901,19.48398053830901,19.48398053830901,19.48398053830901,88560.0,0.0,1
1998-02-06,19.180030441911388,19.180030441911388,19.180030441911388,19.180030441911388,252763.99999999997,0.0,1
1998-02-09,18.790675823940585,18.790675823940585,18.790675823940585,18.790675823940585,299845.0,0.0,1
1998-02-10,18.435532050868108,18.435532050868108,18.435532050868108,18.435532050868108,341264.00000000006,0.0,1
1998-02-11,18.940665629061897,18.940665629061897,18.940665629061897,18.940665629061897,240300.0,0.0,1
1998-02-12,18.416009191136883,18.416009191136883,18.416009191136883,18.416009191136883,225208.99999999997,0.0,1
1998-02-13,18.83405259977569,18.83405259977569,18.83405259977569,18.83405259977569,401376.00000000006,0.0,1
1998-02-17,19.216383867551134,19.216383867551134,19.216383867551134,19.216383867551134,8855269.0,0.0,1
1998-02-18,19.404704429453137,19.404704429453137,19.404704429453137,19.404704429453137,3468516.0,0.0,1
1998-02-19,19.763691461398018,19.763691461398018,19.763691461398018,19.763691461398018,1689042.0,0.0,1
1998-02-20,19.81112432090537,19.81112432090537,19.81112432090537,19.81112432090537,514776.0,0.0,1
1998-02-23,20.371779139186994,20.371779139186994,20.371779139186994,20.371779139186994,1673021.0,0.0,1
1998-02-24,20.20676772815958,20.20676772815958,20.20676772815958,20.20676772815958,697970.0,0.0,1
1998-02-25,20.70991624459075,20.70991624459075,20.70991624459075,20.70991624459075,1888320.0000000002,0.0,1
1998-02-26,20.873524582923018,20.873524582923018,20.873524582923018,20.873524582923018,1418843.9999999998,0.0,1
1998-02-27,20.541635542054543,20.541635542054543,20.541635542054543,20.541635542054543,1480345.0,0.0,1
1998-03-02,20.742943570366677,20.742943570366677,20.742943570366677,20.742943570366677,1170450.0,0.0,1
1998-03-03,20.718052038082238,20.718052038082238,20.718052038082238,20.718052038082238,1230542.0,0.0,1
1998-03-04,20.94595061050114,20.94595061050114,20.94595061050114,20.94595061050114,3583682.0,0.0,1
1998-03-05,20.872639783364388,20.872639783364388,20.872639783364388,20.872639783364388,2392560.0,0.0,1
1998-03-06,20.90603600701777,20.90603600701777,20.90603600701777,20.90603600701777,1286817.0,0.0,1
1998-03-09,20.604989088516717,20.604989088516717,20.604989088516717,20.604989088516717,878350.0000000001,0.0,1
1998-03-10,20.650320064511455,20.650320064511455,20.650320064511455,20.650320064511455,934020.0,0.0,1
1998-03-11,21.187228386188753,21.187228386188753,21.187228386188753,21.187228386188753,799442.0,0.0,1
1998-03-12,20.600342159891326,20.600342159891326,20.600342159891326,20.600342159891326,1794685.0000000002,0.0,1
1998-03-13,20.246016274741194,20.246016274741194,20.246016274741194,20.246016274741194,508344.0,0.0,1
1998-03-16,19.808702323206784,19.808702323206784,19.808702323206784,19.808702323206784,385074.0,0.0,1
1998-03-17,20.076119804570077,20.076119804570077,20.076119804570077,20.076119804570077,646996.0,0.0,1
1998-03-18,19.9536554737622,19.9536554737622,19.9536554737622,19.9536554737622,327488.0,0.0,1
1998-03-19,19.712216242529678,19.712216242529678,19.712216242529678,19.712216242529678,989120.0000000001,0.0,1
1998-03-20,19.972417496931072,19.972417496931072,19.972417496931072,19.972417496931072,392070.0,0.0,1
1998-03-23,20.042320958170333,20.042320958170333,20.042320958170333,20.042320958170333,238948.0,0.0,1
1998-03-24,19.84189774858863,19.84189774858863,19.84189774858863,19.84189774858863,254412.00000000003,0.0,1
1998-03-25,20.246672462659838,20.246672462659838,20.246672462659838,20.246672462659838,1117378.0,0.0,1
1998-03-26,19.957145046443802,19.957145046443802,19.957145046443802,19.957145046443802,3083300.0000000005,0.0,1
1998-03-27,19.45023356226413,19.45023356226413,19.45023356226413,19.45023356226413,1374020.0,0.0,1
1998-03-30,18.928967302795453,18.928967302795453,18.928967302795453,18.928967302795453,489430.0,0.0,1
1998-03-31,19.303760855390802,19.303760855390802,19.303760855390802,19.303760855390802,664560.0,0.0,1
1998-04-01,19.35202025752928,19.35202025752928,19.35202025752928,19.35202025752928,438732.0,0.0,1
1998-04-02,18.837256518679002,18.837256518679002,18.837256518679002,18.837256518679002,603680.0,0.0,1
1998-04-03,18.48876727308344,18.48876727308344,18.48876727308344,18.48876727308344,1964816.0,0.2565,1
1998-04-06,18.743912261451992,18.743912261451992,18.743912261451992,18.743912261451992,449442.0,0.0,1
1998-04-07,18.54147800902831,18.54147800902831,18.54147800902831,18.54147800902831,410865.0,0.0,1
1998-04-08,18.211439700467604,18.211439700467604,18.211439700467604,18.211439700467604,477755.0,0.0,1
1998-04-09,18.653977685188966,18.653977685188966,18.653977685188966,18.653977685188966,294544.0,0.0,1
1998-04-13,19.004672465670517,19.004672465670517,19.004672465670517,19.004672465670517,1091530.0,0.0,1
1998-04-14,18.645484156069344,18.645484156069344,18.645484156069344,18.645484156069344,529523.0,0.0,1
1998-04-15,18.418009249365298,18.418009249365298,18.418009249365298,18.418009249365298,687456.0,0.0,1
1998-04-16,18.591138536309334,18.591138536309334,18.591138536309334,18.591138536309334,337792.0,0.0,1
1998-04-17,19.12284509844778,19.12284509844778,19.12284509844778,19.12284509844778,965244.0,0.0,1
1998-04-20,18.803493585303702,18.803493585303702,18.803493585303702,18.803493585303702,609600.0,0.0,1
1998-04-21,19.14195646983917,19.14195646983917,19.14195646983917,19.14195646983917,990110.0000000001,0.0,1
1998-04-22,19.494168468884208,19.494168468884208,19.494168468884208,19.494168468884208,290577.0,0.0,1
1998-04-23,18.911292831664568,18.911292831664568,18.911292831664568,18.911292831664568,238925.0,0.0,1
1998-04-24,19.20063561198904,19.20063561198904,19.20063561198904,19.20063561198904,1416712.0,0.0,1
1998-04-27,19.628809786136394,19.628809786136394,19.628809786136394,19.628809786136394,883767.0,0.0,1
1998-04-28,19.50318540350512,19.50318540350512,19.50318540350512,19.50318540350512,935680.0,0.0,1
1998-04-29,19.77818031769454,19.77818031769454,19.77818031769454,19.77818031769454,1129056.0,0.0,1
1998-04-30,19.63973305547068,19.63973305547068,19.63973305547068,19.63973305547068,344715.0,0.0,1
1998-05-01,20.00110414369134,20.00110414369134,20.00110414369134,20.00110414369134,228911.99999999997,0.0,1
1998-05-04,19.983103149962016,19.983103149962016,19.983103149962016,19.983103149962016,3388968.0,0.0,1
1998-05-05,19.723322809012508,19.723322809012508,19.723322809012508,19.723322809012508,966720.0,0.0,1
1998-05-06,19.750935460945126,19.750935460945126,19.750935460945126,19.750935460945126,2060688.0,0.0,1
1998-05-07,20.080776083142908,20.080776083142908,20.080776083142908,20.080776083142908,1588932.0,0.0,1
1998-05-08,20.145034566608967,20.145034566608967,20.145034566608967,20.145034566608967,746368.0000000001,0.0,1
1998-05-11,20.539877244114503,20.539877244114503,20.539877244114503,20.539877244114503,800544.0,0.0,1
1998-05-12,20.0366502516337,20.0366502516337,20.0366502516337,20.0366502516337,690150.0,0.0,1
1998-05-13,19.756137148110827,19.756137148110827,19.756137148110827,19.756137148110827,990034.9999999999,0.0,1
1998-05-14,19.388672997155968,19.388672997155968,19.388672997155968,19.388672997155968,1103900.0,0.0,1
1998-05-15,19.43132807774971,19.43132807774971,19.43132807774971,19.43132807774971,580900.0,0.0,1
1998-05-18,19.61786882729611,19.61786882729611,19.61786882729611,19.61786882729611,413712.0,0.0,1
1998-05-19,19.286326844114807,19.286326844114807,19.286326844114807,19.286326844114807,487026.0,0.0,1
1998-05-20,19.735698259582684,19.735698259582684,19.735698259582684,19.735698259582684,420468.00000000006,0.0,1
1998-05-21,19.631099058806896,19.631099058806896,19.631099058806896,19.631099058806896,890834.0,0.0,1
1998-05-22,19.205104209230786,19.205104209230786,19.205104209230786,19.205104209230786,121344.0,0.0,1
1998-05-26,19.264640032279402,19.264640032279402,19.264640032279402,19.264640032279402,255017.99999999997,0.0,1
1998-05-27,18.711744863352983,18.711744863352983,18.711744863352983,18.711744863352983,470940.0,0.0,1
1998-05-28,19.132759122778424,19.132759122778424,19.132759122778424,19.132759122778424,795717.0,0.0,1
1998-05-29,19.17293791693626,19.17293791693626,19.17293791693626,19.17293791693626,346390.0,0.0,1
1998-06-01,19.186358973478114,19.186358973478114,19.186358973478114,19.186358973478114,382786.0,0.0,1
1998-06-02,19.09234581450807,19.09234581450807,19.09234581450807,19.09234581450807,744175.0,0.0,1
1998-06-03,19.294724680141854,19.294724680141854,19.294724680141854,19.294724680141854,383044.0,0.0,1
1998-06-04,18.87795862705079,18.87795862705079,18.87795862705079,18.87795862705079,469697.0,0.0,1
1998-06-05,18.83642711807128,18.83642711807128,18.83642711807128,18.83642711807128,988632.0,0.0,1
1998-06-08,19.11897352484235,19.11897352484235,19.11897352484235,19.11897352484235,267074.0,0.0,1
1998-06-09,19.321634644205677,19.321634644205677,19.321634644205677,19.321634644205677,382030.00000000006,0.0,1
1998-06-10,19.800811183381978,19.800811183381978,19.800811183381978,19.800811183381978,472196.0,0.0,1
1998-06-11,19.616663639376526,19.616663639376526,19.616663639376526,19.616663639376526,738185.0,0.0,1
1998-06-12,19.78536694667516,19.78536694667516,19.78536694667516,19.78536694667516,341352.0,0.0,1
1998-06-15,20.0386196435926,20.0386196435926,20.0386196435926,20.0386196435926,362556.0,0.198,1
1998-06-16,20.325171904495974,20.325171904495974,20.325171904495974,20.325171904495974,838104.0,0.0,1
1998-06-17,20.19712332149765,20.19712332149765,20.19712332149765,20.19712332149765,342683.99999999994,0.0,1
1998-06-18,20.10825597888306,20.10825597888306,20.10825597888306,20.10825597888306,216980.0,0.0,1
1998-06-19,20.554659261614265,20.554659261614265,20.554659261614265,20.554659261614265,290921.0,0.0,1
1998-06-22,20.883533809800095,20.883533809800095,20.883533809800095,20.883533809800095,1124056.0,0.0,1
1998-06-23,21.33044143332982,21.33044143332982,21.33044143332982,21.33044143332982,407099.0,0.0,1
1998-06-24,21.69519198183976,21.69519198183976,21.69519198183976,21.69519198183976,234414.00000000003,0.0,1
1998-06-25,21.942517170432733,21.942517170432733,21.942517170432733,21.942517170432733,125265.0,0.0,1
1998-06-26,21.876689618921436,21.876689618921436,21.876689618921436,21.876689618921436,144690.0,0.0,1
1998-06-29,21.353836737029212,21.353836737029212,21.353836737029212,21.353836737029212,214816.00000000003,0.0,1
1998-06-30,21.780913471769797,21.780913471769797,21.780913471769797,21.780913471769797,256608.0,0.0,1
1998-07-01,21.16015743782436,21.16015743782436,21.16015743782436,21.16015743782436,427210.0,0.0,1
1998-07-02,21.42254339005338,21.42254339005338,21.42254339005338,21.42254339005338,181125.0,0.0,1
1998-07-06,21.840282986159423,21.840282986159423,21.840282986159423,21.840282986159423,207688.0,0.0,1
1998-07-07,22.294560872271536,22.294560872271536,22.294560872271536,22.294560872271536,362726.0,0.0,1
1998-07-08,21.761720867424245,21.761720867424245,21.761720867424245,21.761720867424245,575868.0,0.0,1
1998-07-09,22.048975582874245,22.048975582874245,22.048975582874245,22.048975582874245,689216.0,0.0,1
